-- AUTO-GENERATED from content/startups/*.json
-- Do not edit manually. Modify the JSON files instead.

-- Reset fully derived tables before rebuilding them.
DELETE FROM funding_rounds;
DELETE FROM investors;
DELETE FROM search_index_terms;
DELETE FROM collection_startups;
DELETE FROM weekly_issue_startups;
DELETE FROM weekly_issues WHERE issue_number NOT IN (1);
DELETE FROM startups WHERE workflow_status = 'published' AND codex_stage = 'manual' AND slug NOT IN ('cal-com', 'cursor', 'eleven-labs', 'linear', 'perplexity', 'resend', 'supabase', 'val-town');

-- Startups
INSERT INTO startups (id, slug, domain, canonical_url, product_name, summary, editor_note, editor_rating, why_featured, product_type, funding_stage, funding_display, founded_year, team_size, hq_location, region, tags, investors, links_json, is_featured, screenshot_r2_key, screenshot_status, workflow_status, codex_stage, first_seen_at, published_at) VALUES ('startup-cal-com', 'cal-com', 'cal.com', 'https://cal.com', 'Cal.com', 'Open source scheduling infrastructure.', 'The interesting move was not cloning Calendly in public. It was treating scheduling as infrastructure: a self-hosted option, API hooks, and a hosted product for teams that do not want to run it themselves. That is a sharper bet than generic booking software. Cal.com is selling control, not just calendar pages.', 4, 'Open source done right', 'SaaS', 'Series A', '$25M', 2021, '30-50', 'San Francisco', 'US', 'scheduling,open source,calendar,productivity', 'Dick Costolo, Joseph Jacks (OSS Capital), Peer Richelsen', '{"github": "https://github.com/calcom/cal.com", "twitter": "https://x.com/calabordar", "linkedin": "https://linkedin.com/company/cal-com"}', 0, 'cal-com.webp', 'ready', 'published', 'manual', datetime('now'), datetime('now')) ON CONFLICT(slug) DO UPDATE SET id = excluded.id, domain = excluded.domain, canonical_url = excluded.canonical_url, product_name = excluded.product_name, summary = excluded.summary, editor_note = excluded.editor_note, editor_rating = excluded.editor_rating, why_featured = excluded.why_featured, product_type = excluded.product_type, funding_stage = excluded.funding_stage, funding_display = excluded.funding_display, founded_year = excluded.founded_year, team_size = excluded.team_size, hq_location = excluded.hq_location, region = excluded.region, tags = excluded.tags, investors = excluded.investors, links_json = excluded.links_json, is_featured = excluded.is_featured, screenshot_r2_key = excluded.screenshot_r2_key, screenshot_status = excluded.screenshot_status, workflow_status = excluded.workflow_status, codex_stage = excluded.codex_stage, first_seen_at = COALESCE(startups.first_seen_at, excluded.first_seen_at), published_at = COALESCE(startups.published_at, excluded.published_at), created_at = COALESCE(startups.created_at, datetime('now')), updated_at = COALESCE(startups.updated_at, datetime('now'));
INSERT INTO startups (id, slug, domain, canonical_url, product_name, summary, editor_note, editor_rating, why_featured, product_type, funding_stage, funding_display, founded_year, team_size, hq_location, region, tags, investors, links_json, is_featured, screenshot_r2_key, screenshot_status, workflow_status, codex_stage, first_seen_at, published_at) VALUES ('startup-cursor', 'cursor', 'cursor.com', 'https://cursor.com', 'Cursor', 'The AI-first code editor.', 'The right bet was not copilot-inside-VSCode, but an editor rebuilt around the model. Tab completion, inline diffs, and cmd-K feel native rather than bolted on. By forking VS Code instead of starting from scratch, Cursor kept the muscle memory and changed the center of gravity. That is why it feels sticky instead of merely novel.', 5, 'Changed how developers write code', 'AI / ML', 'Series A', '$60M', 2022, '50-100', 'San Francisco', 'US', 'ai,code editor,developer tools,productivity', 'Andreessen Horowitz, Thrive Capital, OpenAI Startup Fund', '{"github": "https://github.com/getcursor", "twitter": "https://x.com/cursor_ai", "linkedin": "https://linkedin.com/company/cursor-ai"}', 1, 'cursor.webp', 'ready', 'published', 'manual', datetime('now'), datetime('now')) ON CONFLICT(slug) DO UPDATE SET id = excluded.id, domain = excluded.domain, canonical_url = excluded.canonical_url, product_name = excluded.product_name, summary = excluded.summary, editor_note = excluded.editor_note, editor_rating = excluded.editor_rating, why_featured = excluded.why_featured, product_type = excluded.product_type, funding_stage = excluded.funding_stage, funding_display = excluded.funding_display, founded_year = excluded.founded_year, team_size = excluded.team_size, hq_location = excluded.hq_location, region = excluded.region, tags = excluded.tags, investors = excluded.investors, links_json = excluded.links_json, is_featured = excluded.is_featured, screenshot_r2_key = excluded.screenshot_r2_key, screenshot_status = excluded.screenshot_status, workflow_status = excluded.workflow_status, codex_stage = excluded.codex_stage, first_seen_at = COALESCE(startups.first_seen_at, excluded.first_seen_at), published_at = COALESCE(startups.published_at, excluded.published_at), created_at = COALESCE(startups.created_at, datetime('now')), updated_at = COALESCE(startups.updated_at, datetime('now'));
INSERT INTO startups (id, slug, domain, canonical_url, product_name, summary, editor_note, editor_rating, why_featured, product_type, funding_stage, funding_display, founded_year, team_size, hq_location, region, tags, investors, links_json, is_featured, screenshot_r2_key, screenshot_status, workflow_status, codex_stage, first_seen_at, published_at) VALUES ('startup-eleven-labs', 'eleven-labs', 'elevenlabs.io', 'https://elevenlabs.io', 'ElevenLabs', 'AI voice generation and speech synthesis platform.', 'The surprising thing is not that voice cloning works. It is that 30 seconds of audio can already get you something commercially usable. ElevenLabs is betting this becomes infrastructure for dubbing, audiobooks, and accessibility, not just a viral demo. That is a narrower and more durable business than AI voice as spectacle.', 4, 'Voice AI that actually sounds human', 'AI / ML', 'Series B', '$80M', 2022, '50-100', 'New York', 'US', 'voice ai,speech synthesis,text to speech,artificial intelligence', 'Andreessen Horowitz, Nat Friedman, Daniel Gross', '{"github": "https://github.com/elevenlabs", "twitter": "https://x.com/elevenlabsio", "linkedin": "https://linkedin.com/company/elevenlabs"}', 0, 'eleven-labs.webp', 'ready', 'published', 'manual', datetime('now'), datetime('now')) ON CONFLICT(slug) DO UPDATE SET id = excluded.id, domain = excluded.domain, canonical_url = excluded.canonical_url, product_name = excluded.product_name, summary = excluded.summary, editor_note = excluded.editor_note, editor_rating = excluded.editor_rating, why_featured = excluded.why_featured, product_type = excluded.product_type, funding_stage = excluded.funding_stage, funding_display = excluded.funding_display, founded_year = excluded.founded_year, team_size = excluded.team_size, hq_location = excluded.hq_location, region = excluded.region, tags = excluded.tags, investors = excluded.investors, links_json = excluded.links_json, is_featured = excluded.is_featured, screenshot_r2_key = excluded.screenshot_r2_key, screenshot_status = excluded.screenshot_status, workflow_status = excluded.workflow_status, codex_stage = excluded.codex_stage, first_seen_at = COALESCE(startups.first_seen_at, excluded.first_seen_at), published_at = COALESCE(startups.published_at, excluded.published_at), created_at = COALESCE(startups.created_at, datetime('now')), updated_at = COALESCE(startups.updated_at, datetime('now'));
INSERT INTO startups (id, slug, domain, canonical_url, product_name, summary, editor_note, editor_rating, why_featured, product_type, funding_stage, funding_display, founded_year, team_size, hq_location, region, tags, investors, links_json, is_featured, screenshot_r2_key, screenshot_status, workflow_status, codex_stage, first_seen_at, published_at) VALUES ('startup-linear', 'linear', 'linear.app', 'https://linear.app', 'Linear', 'Issue tracking built for modern software teams.', 'Someone finally rebuilt project management for teams that live on the keyboard. Keyboard shortcuts, a stripped-back issue flow, and an interface that stays out of the way make it feel closer to an editor than Jira. In a market full of feature-bloated software, Linear chose speed and restraint. That trade only works if you are willing to say no more often than your competitors.', 5, 'Defined a new standard for dev tools', 'DevTools', 'Series C', '$82M', 2019, '50-100', 'San Francisco', 'US', 'project management,issue tracking,developer tools,productivity', 'Sequoia Capital, 01 Advisors, SV Angel', '{"github": "https://github.com/linear", "twitter": "https://x.com/linear", "linkedin": "https://linkedin.com/company/linear"}', 1, 'linear.webp', 'ready', 'published', 'manual', datetime('now'), datetime('now')) ON CONFLICT(slug) DO UPDATE SET id = excluded.id, domain = excluded.domain, canonical_url = excluded.canonical_url, product_name = excluded.product_name, summary = excluded.summary, editor_note = excluded.editor_note, editor_rating = excluded.editor_rating, why_featured = excluded.why_featured, product_type = excluded.product_type, funding_stage = excluded.funding_stage, funding_display = excluded.funding_display, founded_year = excluded.founded_year, team_size = excluded.team_size, hq_location = excluded.hq_location, region = excluded.region, tags = excluded.tags, investors = excluded.investors, links_json = excluded.links_json, is_featured = excluded.is_featured, screenshot_r2_key = excluded.screenshot_r2_key, screenshot_status = excluded.screenshot_status, workflow_status = excluded.workflow_status, codex_stage = excluded.codex_stage, first_seen_at = COALESCE(startups.first_seen_at, excluded.first_seen_at), published_at = COALESCE(startups.published_at, excluded.published_at), created_at = COALESCE(startups.created_at, datetime('now')), updated_at = COALESCE(startups.updated_at, datetime('now'));
INSERT INTO startups (id, slug, domain, canonical_url, product_name, summary, editor_note, editor_rating, why_featured, product_type, funding_stage, funding_display, founded_year, team_size, hq_location, region, tags, investors, links_json, is_featured, screenshot_r2_key, screenshot_status, workflow_status, codex_stage, first_seen_at, published_at) VALUES ('startup-perplexity', 'perplexity', 'perplexity.ai', 'https://perplexity.ai', 'Perplexity', 'AI-powered answer engine that searches the web.', 'Answer-first search should have existed years ago. Perplexity makes the core interaction brutally simple: ask a question, get a synthesized answer with sources, not ten blue links and ad clutter. That is a sharp product bet against the browsing-heavy search interface. The open question is whether that habit expands beyond power users.', 5, 'The Google killer that might actually be', 'AI / ML', 'Series B', '$73.6M', 2022, '100-200', 'San Francisco', 'US', 'ai search,answer engine,web search,artificial intelligence', 'IVP, NEA, Databricks Ventures, Jeff Bezos', '{"twitter": "https://x.com/perabordar", "linkedin": "https://linkedin.com/company/perplexity-ai"}', 1, 'perplexity.webp', 'ready', 'published', 'manual', datetime('now'), datetime('now')) ON CONFLICT(slug) DO UPDATE SET id = excluded.id, domain = excluded.domain, canonical_url = excluded.canonical_url, product_name = excluded.product_name, summary = excluded.summary, editor_note = excluded.editor_note, editor_rating = excluded.editor_rating, why_featured = excluded.why_featured, product_type = excluded.product_type, funding_stage = excluded.funding_stage, funding_display = excluded.funding_display, founded_year = excluded.founded_year, team_size = excluded.team_size, hq_location = excluded.hq_location, region = excluded.region, tags = excluded.tags, investors = excluded.investors, links_json = excluded.links_json, is_featured = excluded.is_featured, screenshot_r2_key = excluded.screenshot_r2_key, screenshot_status = excluded.screenshot_status, workflow_status = excluded.workflow_status, codex_stage = excluded.codex_stage, first_seen_at = COALESCE(startups.first_seen_at, excluded.first_seen_at), published_at = COALESCE(startups.published_at, excluded.published_at), created_at = COALESCE(startups.created_at, datetime('now')), updated_at = COALESCE(startups.updated_at, datetime('now'));
INSERT INTO startups (id, slug, domain, canonical_url, product_name, summary, editor_note, editor_rating, why_featured, product_type, funding_stage, funding_display, founded_year, team_size, hq_location, region, tags, investors, links_json, is_featured, screenshot_r2_key, screenshot_status, workflow_status, codex_stage, first_seen_at, published_at) VALUES ('startup-resend', 'resend', 'resend.com', 'https://resend.com', 'Resend', 'Email API for developers. Beautiful, simple, reliable.', 'Transactional email used to feel like plumbing you tolerated, not a product you enjoyed. Resend changed that with a cleaner API surface and React Email as a companion project. That pairing reveals the bet: email delivery and email design should live in the same developer workflow. It feels closer to Stripe-grade DX than legacy SMTP tooling.', 4, 'DX that makes you jealous', 'DevTools', 'Seed', '$3M', 2022, '10-30', 'San Francisco', 'US', 'email,api,developer tools,transactional email', 'Y Combinator, SV Angel, Dylan Field', '{"github": "https://github.com/resend", "twitter": "https://x.com/resabordar", "linkedin": "https://linkedin.com/company/resend"}', 1, 'resend.webp', 'ready', 'published', 'manual', datetime('now'), datetime('now')) ON CONFLICT(slug) DO UPDATE SET id = excluded.id, domain = excluded.domain, canonical_url = excluded.canonical_url, product_name = excluded.product_name, summary = excluded.summary, editor_note = excluded.editor_note, editor_rating = excluded.editor_rating, why_featured = excluded.why_featured, product_type = excluded.product_type, funding_stage = excluded.funding_stage, funding_display = excluded.funding_display, founded_year = excluded.founded_year, team_size = excluded.team_size, hq_location = excluded.hq_location, region = excluded.region, tags = excluded.tags, investors = excluded.investors, links_json = excluded.links_json, is_featured = excluded.is_featured, screenshot_r2_key = excluded.screenshot_r2_key, screenshot_status = excluded.screenshot_status, workflow_status = excluded.workflow_status, codex_stage = excluded.codex_stage, first_seen_at = COALESCE(startups.first_seen_at, excluded.first_seen_at), published_at = COALESCE(startups.published_at, excluded.published_at), created_at = COALESCE(startups.created_at, datetime('now')), updated_at = COALESCE(startups.updated_at, datetime('now'));
INSERT INTO startups (id, slug, domain, canonical_url, product_name, summary, editor_note, editor_rating, why_featured, product_type, funding_stage, funding_display, founded_year, team_size, hq_location, region, tags, investors, links_json, is_featured, screenshot_r2_key, screenshot_status, workflow_status, codex_stage, first_seen_at, published_at) VALUES ('startup-supabase', 'supabase', 'supabase.com', 'https://supabase.com', 'Supabase', 'The open source Firebase alternative.', 'The clever part is not calling itself an open-source Firebase alternative. The clever part is turning Postgres into the center of an entire developer stack: auth, storage, realtime, and edge functions. Where most backend platforms hide the database behind abstractions, Supabase leans into it. That makes the product more opinionated and easier to reason about than a generic backend cloud.', 4, 'Postgres as a platform', 'DevTools', 'Series B', '$80M', 2020, '100-200', 'Singapore', 'Global / Remote', 'database,open source,backend,postgres,firebase alternative', 'Felicis Ventures, Coatue Management, Y Combinator', '{"github": "https://github.com/supabase", "twitter": "https://x.com/supabase", "linkedin": "https://linkedin.com/company/supabase"}', 0, 'supabase.webp', 'ready', 'published', 'manual', datetime('now'), datetime('now')) ON CONFLICT(slug) DO UPDATE SET id = excluded.id, domain = excluded.domain, canonical_url = excluded.canonical_url, product_name = excluded.product_name, summary = excluded.summary, editor_note = excluded.editor_note, editor_rating = excluded.editor_rating, why_featured = excluded.why_featured, product_type = excluded.product_type, funding_stage = excluded.funding_stage, funding_display = excluded.funding_display, founded_year = excluded.founded_year, team_size = excluded.team_size, hq_location = excluded.hq_location, region = excluded.region, tags = excluded.tags, investors = excluded.investors, links_json = excluded.links_json, is_featured = excluded.is_featured, screenshot_r2_key = excluded.screenshot_r2_key, screenshot_status = excluded.screenshot_status, workflow_status = excluded.workflow_status, codex_stage = excluded.codex_stage, first_seen_at = COALESCE(startups.first_seen_at, excluded.first_seen_at), published_at = COALESCE(startups.published_at, excluded.published_at), created_at = COALESCE(startups.created_at, datetime('now')), updated_at = COALESCE(startups.updated_at, datetime('now'));
INSERT INTO startups (id, slug, domain, canonical_url, product_name, summary, editor_note, editor_rating, why_featured, product_type, funding_stage, funding_display, founded_year, team_size, hq_location, region, tags, investors, links_json, is_featured, screenshot_r2_key, screenshot_status, workflow_status, codex_stage, first_seen_at, published_at) VALUES ('startup-val-town', 'val-town', 'val.town', 'https://val.town', 'Val Town', 'Social website and API for writing and running code.', 'Putting running code inside a social feed sounds gimmicky until you try it. Every val is a URL, every function is deployable, and the product turns tiny scripts into shareable building blocks. That is a real bet against repo-first developer tooling. It feels closer to what Gists wanted to be than another serverless dashboard.', 4, 'Code as social media', 'DevTools', 'Seed', '$5.5M', 2022, '5-10', 'Brooklyn', 'US', 'social coding,serverless,developer tools,code sharing', 'Sequoia Capital Scout, Craft Ventures, Tom Preston-Werner', '{"github": "https://github.com/val-town", "twitter": "https://x.com/valabordar", "linkedin": "https://linkedin.com/company/val-town"}', 0, 'val-town.webp', 'ready', 'published', 'manual', datetime('now'), datetime('now')) ON CONFLICT(slug) DO UPDATE SET id = excluded.id, domain = excluded.domain, canonical_url = excluded.canonical_url, product_name = excluded.product_name, summary = excluded.summary, editor_note = excluded.editor_note, editor_rating = excluded.editor_rating, why_featured = excluded.why_featured, product_type = excluded.product_type, funding_stage = excluded.funding_stage, funding_display = excluded.funding_display, founded_year = excluded.founded_year, team_size = excluded.team_size, hq_location = excluded.hq_location, region = excluded.region, tags = excluded.tags, investors = excluded.investors, links_json = excluded.links_json, is_featured = excluded.is_featured, screenshot_r2_key = excluded.screenshot_r2_key, screenshot_status = excluded.screenshot_status, workflow_status = excluded.workflow_status, codex_stage = excluded.codex_stage, first_seen_at = COALESCE(startups.first_seen_at, excluded.first_seen_at), published_at = COALESCE(startups.published_at, excluded.published_at), created_at = COALESCE(startups.created_at, datetime('now')), updated_at = COALESCE(startups.updated_at, datetime('now'));

-- Funding rounds
INSERT INTO funding_rounds (id, company_name, company_slug, company_url, amount, stage, lead_investor, date, source_url, source_name) VALUES ('f-eb3f7fa412', 'Cal.com', 'cal-com', 'https://cal.com', '$25M', 'Series A', 'Seven Seven Six', '2022-04-18', 'https://cal.com/blog', 'Cal.com') ON CONFLICT(id) DO UPDATE SET company_name = excluded.company_name, company_slug = excluded.company_slug, company_url = excluded.company_url, amount = excluded.amount, stage = excluded.stage, lead_investor = excluded.lead_investor, date = excluded.date, source_url = excluded.source_url, source_name = excluded.source_name;
INSERT INTO funding_rounds (id, company_name, company_slug, company_url, amount, stage, lead_investor, date, source_url, source_name) VALUES ('f-06995bf702', 'Cursor', 'cursor', 'https://cursor.com', '$60M', 'Series A', 'Andreessen Horowitz', '2024-08-09', 'https://techcrunch.com/2024/08/09/anysphere-a-github-copilot-rival-has-raised-60m-series-a-at-400m-valuation-from-a16z-thrive-sources-say/', 'TechCrunch') ON CONFLICT(id) DO UPDATE SET company_name = excluded.company_name, company_slug = excluded.company_slug, company_url = excluded.company_url, amount = excluded.amount, stage = excluded.stage, lead_investor = excluded.lead_investor, date = excluded.date, source_url = excluded.source_url, source_name = excluded.source_name;
INSERT INTO funding_rounds (id, company_name, company_slug, company_url, amount, stage, lead_investor, date, source_url, source_name) VALUES ('f-1fbc6bd21d', 'ElevenLabs', 'eleven-labs', 'https://elevenlabs.io', '$80M', 'Series B', 'Andreessen Horowitz', '2024-01-22', 'https://techcrunch.com/2024/01/22/voice-cloning-startup-elevenlabs-lands-80m-achieves-unicorn-status/', 'TechCrunch') ON CONFLICT(id) DO UPDATE SET company_name = excluded.company_name, company_slug = excluded.company_slug, company_url = excluded.company_url, amount = excluded.amount, stage = excluded.stage, lead_investor = excluded.lead_investor, date = excluded.date, source_url = excluded.source_url, source_name = excluded.source_name;
INSERT INTO funding_rounds (id, company_name, company_slug, company_url, amount, stage, lead_investor, date, source_url, source_name) VALUES ('f-9d8fa6d44a', 'Linear', 'linear', 'https://linear.app', '$82M', 'Series C', 'Accel', '2025-06-10', 'https://techcrunch.com/2025/06/10/atlassian-rival-linear-raises-82m-at-1-25b-valuation/', 'TechCrunch') ON CONFLICT(id) DO UPDATE SET company_name = excluded.company_name, company_slug = excluded.company_slug, company_url = excluded.company_url, amount = excluded.amount, stage = excluded.stage, lead_investor = excluded.lead_investor, date = excluded.date, source_url = excluded.source_url, source_name = excluded.source_name;
INSERT INTO funding_rounds (id, company_name, company_slug, company_url, amount, stage, lead_investor, date, source_url, source_name) VALUES ('f-32b6004c29', 'Perplexity', 'perplexity', 'https://perplexity.ai', '$73.6M', 'Series B', 'IVP', '2024-01-04', 'https://techcrunch.com/2024/01/04/ai-powered-search-engine-perplexity-ai-now-valued-at-520m-raises-70m/', 'TechCrunch') ON CONFLICT(id) DO UPDATE SET company_name = excluded.company_name, company_slug = excluded.company_slug, company_url = excluded.company_url, amount = excluded.amount, stage = excluded.stage, lead_investor = excluded.lead_investor, date = excluded.date, source_url = excluded.source_url, source_name = excluded.source_name;
INSERT INTO funding_rounds (id, company_name, company_slug, company_url, amount, stage, lead_investor, date, source_url, source_name) VALUES ('f-fd562d5ed7', 'Resend', 'resend', 'https://resend.com', '$3M', 'Seed', 'Y Combinator', '2023-07-18', 'https://techcrunch.com/2023/07/18/developer-focused-email-platform-resend-raises-3m/', 'TechCrunch') ON CONFLICT(id) DO UPDATE SET company_name = excluded.company_name, company_slug = excluded.company_slug, company_url = excluded.company_url, amount = excluded.amount, stage = excluded.stage, lead_investor = excluded.lead_investor, date = excluded.date, source_url = excluded.source_url, source_name = excluded.source_name;
INSERT INTO funding_rounds (id, company_name, company_slug, company_url, amount, stage, lead_investor, date, source_url, source_name) VALUES ('f-3e03682662', 'Supabase', 'supabase', 'https://supabase.com', '$80M', 'Series B', 'Felicis Ventures', '2022-05-10', 'https://techcrunch.com/2022/05/10/supabase-raises-80m-series-b-for-its-open-source-firebase-alternative/', 'TechCrunch') ON CONFLICT(id) DO UPDATE SET company_name = excluded.company_name, company_slug = excluded.company_slug, company_url = excluded.company_url, amount = excluded.amount, stage = excluded.stage, lead_investor = excluded.lead_investor, date = excluded.date, source_url = excluded.source_url, source_name = excluded.source_name;
INSERT INTO funding_rounds (id, company_name, company_slug, company_url, amount, stage, lead_investor, date, source_url, source_name) VALUES ('f-dadb2182b0', 'Val Town', 'val-town', 'https://val.town', '$5.5M', 'Seed', 'Accel', '2024-04-01', 'https://blog.val.town/blog/seed/', 'Val Town Blog') ON CONFLICT(id) DO UPDATE SET company_name = excluded.company_name, company_slug = excluded.company_slug, company_url = excluded.company_url, amount = excluded.amount, stage = excluded.stage, lead_investor = excluded.lead_investor, date = excluded.date, source_url = excluded.source_url, source_name = excluded.source_name;

-- Investors
INSERT INTO investors (id, slug, name, short_name, website, description) VALUES ('inv-776', '776', 'Seven Seven Six', '776', 'https://sevensevensix.com', 'Venture capital firm founded by Alexis Ohanian. Backs founders reimagining communities, commerce, and culture.') ON CONFLICT(slug) DO UPDATE SET id = excluded.id, name = excluded.name, short_name = excluded.short_name, website = excluded.website, description = excluded.description;
INSERT INTO investors (id, slug, name, short_name, website, description) VALUES ('inv-a16z', 'a16z', 'Andreessen Horowitz', 'a16z', 'https://a16z.com', 'Venture capital firm founded by Marc Andreessen and Ben Horowitz. Backs bold founders building category-defining technology companies.') ON CONFLICT(slug) DO UPDATE SET id = excluded.id, name = excluded.name, short_name = excluded.short_name, website = excluded.website, description = excluded.description;
INSERT INTO investors (id, slug, name, short_name, website, description) VALUES ('inv-accel', 'accel', 'Accel', 'Accel', 'https://www.accel.com', 'Global venture capital firm that partners with exceptional founders from seed through growth.') ON CONFLICT(slug) DO UPDATE SET id = excluded.id, name = excluded.name, short_name = excluded.short_name, website = excluded.website, description = excluded.description;
INSERT INTO investors (id, slug, name, short_name, website, description) VALUES ('inv-felicis', 'felicis', 'Felicis Ventures', 'Felicis', 'https://www.felicis.com', 'Venture capital firm investing in iconic companies reinventing core markets.') ON CONFLICT(slug) DO UPDATE SET id = excluded.id, name = excluded.name, short_name = excluded.short_name, website = excluded.website, description = excluded.description;
INSERT INTO investors (id, slug, name, short_name, website, description) VALUES ('inv-general-catalyst', 'general-catalyst', 'General Catalyst', 'GC', 'https://www.generalcatalyst.com', 'Venture capital firm that invests in powerful, positive change.') ON CONFLICT(slug) DO UPDATE SET id = excluded.id, name = excluded.name, short_name = excluded.short_name, website = excluded.website, description = excluded.description;
INSERT INTO investors (id, slug, name, short_name, website, description) VALUES ('inv-ivp', 'ivp', 'IVP', 'IVP', 'https://www.ivp.com', 'Late-stage venture capital and growth equity firm.') ON CONFLICT(slug) DO UPDATE SET id = excluded.id, name = excluded.name, short_name = excluded.short_name, website = excluded.website, description = excluded.description;
INSERT INTO investors (id, slug, name, short_name, website, description) VALUES ('inv-lightspeed', 'lightspeed', 'Lightspeed Venture Partners', 'Lightspeed', 'https://lsvp.com', 'Global venture capital firm focused on enterprise, consumer, and health technology.') ON CONFLICT(slug) DO UPDATE SET id = excluded.id, name = excluded.name, short_name = excluded.short_name, website = excluded.website, description = excluded.description;
INSERT INTO investors (id, slug, name, short_name, website, description) VALUES ('inv-sequoia', 'sequoia', 'Sequoia Capital', 'Sequoia', 'https://www.sequoiacap.com', 'Helps daring founders build legendary companies from idea to IPO and beyond.') ON CONFLICT(slug) DO UPDATE SET id = excluded.id, name = excluded.name, short_name = excluded.short_name, website = excluded.website, description = excluded.description;
INSERT INTO investors (id, slug, name, short_name, website, description) VALUES ('inv-spark', 'spark', 'Spark Capital', 'Spark', 'https://www.sparkcapital.com', 'Early and growth-stage venture fund based in San Francisco and Boston.') ON CONFLICT(slug) DO UPDATE SET id = excluded.id, name = excluded.name, short_name = excluded.short_name, website = excluded.website, description = excluded.description;
INSERT INTO investors (id, slug, name, short_name, website, description) VALUES ('inv-thrive', 'thrive', 'Thrive Capital', 'Thrive', 'https://www.thrivecap.com', 'Investment firm built to support the best technology companies at every stage.') ON CONFLICT(slug) DO UPDATE SET id = excluded.id, name = excluded.name, short_name = excluded.short_name, website = excluded.website, description = excluded.description;
INSERT INTO investors (id, slug, name, short_name, website, description) VALUES ('inv-yc', 'yc', 'Y Combinator', 'YC', 'https://www.ycombinator.com', 'Seed-stage accelerator. Twice a year, invests in a large number of startups.') ON CONFLICT(slug) DO UPDATE SET id = excluded.id, name = excluded.name, short_name = excluded.short_name, website = excluded.website, description = excluded.description;

-- Search index
INSERT INTO search_index_terms (startup_id, normalized_term, term_type, weight) VALUES ('startup-cal-com', 'cal.com', 'name', 100);
INSERT INTO search_index_terms (startup_id, normalized_term, term_type, weight) VALUES ('startup-cal-com', 'cal.com', 'domain', 80);
INSERT INTO search_index_terms (startup_id, normalized_term, term_type, weight) VALUES ('startup-cal-com', 'saas', 'type', 30);
INSERT INTO search_index_terms (startup_id, normalized_term, term_type, weight) VALUES ('startup-cal-com', 'scheduling', 'tag', 50);
INSERT INTO search_index_terms (startup_id, normalized_term, term_type, weight) VALUES ('startup-cal-com', 'open source', 'tag', 50);
INSERT INTO search_index_terms (startup_id, normalized_term, term_type, weight) VALUES ('startup-cal-com', 'calendar', 'tag', 50);
INSERT INTO search_index_terms (startup_id, normalized_term, term_type, weight) VALUES ('startup-cal-com', 'productivity', 'tag', 50);
INSERT INTO search_index_terms (startup_id, normalized_term, term_type, weight) VALUES ('startup-cursor', 'cursor', 'name', 100);
INSERT INTO search_index_terms (startup_id, normalized_term, term_type, weight) VALUES ('startup-cursor', 'cursor.com', 'domain', 80);
INSERT INTO search_index_terms (startup_id, normalized_term, term_type, weight) VALUES ('startup-cursor', 'ai / ml', 'type', 30);
INSERT INTO search_index_terms (startup_id, normalized_term, term_type, weight) VALUES ('startup-cursor', 'ai', 'tag', 50);
INSERT INTO search_index_terms (startup_id, normalized_term, term_type, weight) VALUES ('startup-cursor', 'code editor', 'tag', 50);
INSERT INTO search_index_terms (startup_id, normalized_term, term_type, weight) VALUES ('startup-cursor', 'developer tools', 'tag', 50);
INSERT INTO search_index_terms (startup_id, normalized_term, term_type, weight) VALUES ('startup-cursor', 'productivity', 'tag', 50);
INSERT INTO search_index_terms (startup_id, normalized_term, term_type, weight) VALUES ('startup-eleven-labs', 'elevenlabs', 'name', 100);
INSERT INTO search_index_terms (startup_id, normalized_term, term_type, weight) VALUES ('startup-eleven-labs', 'elevenlabs.io', 'domain', 80);
INSERT INTO search_index_terms (startup_id, normalized_term, term_type, weight) VALUES ('startup-eleven-labs', 'ai / ml', 'type', 30);
INSERT INTO search_index_terms (startup_id, normalized_term, term_type, weight) VALUES ('startup-eleven-labs', 'voice ai', 'tag', 50);
INSERT INTO search_index_terms (startup_id, normalized_term, term_type, weight) VALUES ('startup-eleven-labs', 'speech synthesis', 'tag', 50);
INSERT INTO search_index_terms (startup_id, normalized_term, term_type, weight) VALUES ('startup-eleven-labs', 'text to speech', 'tag', 50);
INSERT INTO search_index_terms (startup_id, normalized_term, term_type, weight) VALUES ('startup-eleven-labs', 'artificial intelligence', 'tag', 50);
INSERT INTO search_index_terms (startup_id, normalized_term, term_type, weight) VALUES ('startup-linear', 'linear', 'name', 100);
INSERT INTO search_index_terms (startup_id, normalized_term, term_type, weight) VALUES ('startup-linear', 'linear.app', 'domain', 80);
INSERT INTO search_index_terms (startup_id, normalized_term, term_type, weight) VALUES ('startup-linear', 'devtools', 'type', 30);
INSERT INTO search_index_terms (startup_id, normalized_term, term_type, weight) VALUES ('startup-linear', 'project management', 'tag', 50);
INSERT INTO search_index_terms (startup_id, normalized_term, term_type, weight) VALUES ('startup-linear', 'issue tracking', 'tag', 50);
INSERT INTO search_index_terms (startup_id, normalized_term, term_type, weight) VALUES ('startup-linear', 'developer tools', 'tag', 50);
INSERT INTO search_index_terms (startup_id, normalized_term, term_type, weight) VALUES ('startup-linear', 'productivity', 'tag', 50);
INSERT INTO search_index_terms (startup_id, normalized_term, term_type, weight) VALUES ('startup-perplexity', 'perplexity', 'name', 100);
INSERT INTO search_index_terms (startup_id, normalized_term, term_type, weight) VALUES ('startup-perplexity', 'perplexity.ai', 'domain', 80);
INSERT INTO search_index_terms (startup_id, normalized_term, term_type, weight) VALUES ('startup-perplexity', 'ai / ml', 'type', 30);
INSERT INTO search_index_terms (startup_id, normalized_term, term_type, weight) VALUES ('startup-perplexity', 'ai search', 'tag', 50);
INSERT INTO search_index_terms (startup_id, normalized_term, term_type, weight) VALUES ('startup-perplexity', 'answer engine', 'tag', 50);
INSERT INTO search_index_terms (startup_id, normalized_term, term_type, weight) VALUES ('startup-perplexity', 'web search', 'tag', 50);
INSERT INTO search_index_terms (startup_id, normalized_term, term_type, weight) VALUES ('startup-perplexity', 'artificial intelligence', 'tag', 50);
INSERT INTO search_index_terms (startup_id, normalized_term, term_type, weight) VALUES ('startup-resend', 'resend', 'name', 100);
INSERT INTO search_index_terms (startup_id, normalized_term, term_type, weight) VALUES ('startup-resend', 'resend.com', 'domain', 80);
INSERT INTO search_index_terms (startup_id, normalized_term, term_type, weight) VALUES ('startup-resend', 'devtools', 'type', 30);
INSERT INTO search_index_terms (startup_id, normalized_term, term_type, weight) VALUES ('startup-resend', 'email', 'tag', 50);
INSERT INTO search_index_terms (startup_id, normalized_term, term_type, weight) VALUES ('startup-resend', 'api', 'tag', 50);
INSERT INTO search_index_terms (startup_id, normalized_term, term_type, weight) VALUES ('startup-resend', 'developer tools', 'tag', 50);
INSERT INTO search_index_terms (startup_id, normalized_term, term_type, weight) VALUES ('startup-resend', 'transactional email', 'tag', 50);
INSERT INTO search_index_terms (startup_id, normalized_term, term_type, weight) VALUES ('startup-supabase', 'supabase', 'name', 100);
INSERT INTO search_index_terms (startup_id, normalized_term, term_type, weight) VALUES ('startup-supabase', 'supabase.com', 'domain', 80);
INSERT INTO search_index_terms (startup_id, normalized_term, term_type, weight) VALUES ('startup-supabase', 'devtools', 'type', 30);
INSERT INTO search_index_terms (startup_id, normalized_term, term_type, weight) VALUES ('startup-supabase', 'database', 'tag', 50);
INSERT INTO search_index_terms (startup_id, normalized_term, term_type, weight) VALUES ('startup-supabase', 'open source', 'tag', 50);
INSERT INTO search_index_terms (startup_id, normalized_term, term_type, weight) VALUES ('startup-supabase', 'backend', 'tag', 50);
INSERT INTO search_index_terms (startup_id, normalized_term, term_type, weight) VALUES ('startup-supabase', 'postgres', 'tag', 50);
INSERT INTO search_index_terms (startup_id, normalized_term, term_type, weight) VALUES ('startup-supabase', 'firebase alternative', 'tag', 50);
INSERT INTO search_index_terms (startup_id, normalized_term, term_type, weight) VALUES ('startup-val-town', 'val town', 'name', 100);
INSERT INTO search_index_terms (startup_id, normalized_term, term_type, weight) VALUES ('startup-val-town', 'val.town', 'domain', 80);
INSERT INTO search_index_terms (startup_id, normalized_term, term_type, weight) VALUES ('startup-val-town', 'devtools', 'type', 30);
INSERT INTO search_index_terms (startup_id, normalized_term, term_type, weight) VALUES ('startup-val-town', 'social coding', 'tag', 50);
INSERT INTO search_index_terms (startup_id, normalized_term, term_type, weight) VALUES ('startup-val-town', 'serverless', 'tag', 50);
INSERT INTO search_index_terms (startup_id, normalized_term, term_type, weight) VALUES ('startup-val-town', 'developer tools', 'tag', 50);
INSERT INTO search_index_terms (startup_id, normalized_term, term_type, weight) VALUES ('startup-val-town', 'code sharing', 'tag', 50);

-- Collections
INSERT OR IGNORE INTO collections (id, slug, title, description, type, published) VALUES
('c-001', 'ai', 'AI / ML', 'Startups pushing the boundaries of artificial intelligence.', 'editorial', 1),
('c-002', 'devtools', 'Developer Tools', 'Tools that make developers more productive.', 'editorial', 1),
('c-003', 'editors-picks', 'Editor''s Picks', 'The ones we think about most.', 'editorial', 1);
INSERT OR IGNORE INTO collection_startups (collection_id, startup_id, rank, pinned) VALUES ('c-002', 'startup-cal-com', 1, 0);
INSERT OR IGNORE INTO collection_startups (collection_id, startup_id, rank, pinned) VALUES ('c-001', 'startup-cursor', 1, 1);
INSERT OR IGNORE INTO collection_startups (collection_id, startup_id, rank, pinned) VALUES ('c-003', 'startup-cursor', 1, 1);
INSERT OR IGNORE INTO collection_startups (collection_id, startup_id, rank, pinned) VALUES ('c-001', 'startup-eleven-labs', 1, 0);
INSERT OR IGNORE INTO collection_startups (collection_id, startup_id, rank, pinned) VALUES ('c-002', 'startup-linear', 1, 0);
INSERT OR IGNORE INTO collection_startups (collection_id, startup_id, rank, pinned) VALUES ('c-003', 'startup-linear', 1, 1);
INSERT OR IGNORE INTO collection_startups (collection_id, startup_id, rank, pinned) VALUES ('c-001', 'startup-perplexity', 1, 1);
INSERT OR IGNORE INTO collection_startups (collection_id, startup_id, rank, pinned) VALUES ('c-003', 'startup-perplexity', 1, 1);
INSERT OR IGNORE INTO collection_startups (collection_id, startup_id, rank, pinned) VALUES ('c-002', 'startup-resend', 1, 0);
INSERT OR IGNORE INTO collection_startups (collection_id, startup_id, rank, pinned) VALUES ('c-003', 'startup-resend', 1, 1);
INSERT OR IGNORE INTO collection_startups (collection_id, startup_id, rank, pinned) VALUES ('c-002', 'startup-supabase', 1, 0);
INSERT OR IGNORE INTO collection_startups (collection_id, startup_id, rank, pinned) VALUES ('c-002', 'startup-val-town', 1, 0);

-- Weekly issues
INSERT INTO weekly_issues (id, issue_number, title, editorial_intro, published_at, status) VALUES ('w-1', 1, 'The tools that changed how we build', 'For our first issue, we picked the tools that fundamentally changed developer workflows in the last three years. Not incremental improvements. Not features wrapped in startups. Products that made you think differently about how software gets built.', datetime('now'), 'published') ON CONFLICT(issue_number) DO UPDATE SET id = excluded.id, title = excluded.title, editorial_intro = excluded.editorial_intro, status = excluded.status, published_at = COALESCE(weekly_issues.published_at, excluded.published_at);
INSERT INTO weekly_issue_startups (issue_id, startup_id, display_order) VALUES ('w-1', 'startup-cursor', 1);
INSERT INTO weekly_issue_startups (issue_id, startup_id, display_order) VALUES ('w-1', 'startup-linear', 2);
INSERT INTO weekly_issue_startups (issue_id, startup_id, display_order) VALUES ('w-1', 'startup-perplexity', 3);
INSERT INTO weekly_issue_startups (issue_id, startup_id, display_order) VALUES ('w-1', 'startup-supabase', 4);
INSERT INTO weekly_issue_startups (issue_id, startup_id, display_order) VALUES ('w-1', 'startup-resend', 5);
