-- AUTO-GENERATED from content/startups/*.json
-- Do not edit manually. Modify the JSON files instead.

INSERT OR REPLACE INTO sites (id, slug, domain, canonical_url, product_name, summary, editor_note, editor_rating, why_featured, product_type, funding_stage, funding_display, founded_year, team_size, hq_location, region, tags, investors, links_json, is_featured, screenshot_r2_key, screenshot_status, workflow_status, codex_stage, first_seen_at, published_at) VALUES ('s-anthropic-claude', 'anthropic-claude', 'claude.ai', 'https://claude.ai', 'Claude', 'AI assistant by Anthropic, focused on safety and helpfulness.', 'Claude is the AI assistant that developers actually trust with their code. Where others optimize for impressive demos, Anthropic optimized for reliability and honesty. Claude Code (the CLI) turned it from a chatbot into a genuine engineering tool. The safety-first approach is not a handicap, it is the product.', 5, 'The AI you actually trust', 'AI / ML', 'Series C', '$450M', 2021, '500+', 'San Francisco', 'US', 'ai assistant,large language model,safety,developer tools', 'Google, Spark Capital, Salesforce Ventures, Menlo Ventures', '{"github": "https://github.com/anthropics", "twitter": "https://x.com/AnthropicAI", "linkedin": "https://linkedin.com/company/anthropic"}', 1, 'anthropic-claude.webp', 'ready', 'published', 'manual', datetime('now'), datetime('now'));
INSERT OR REPLACE INTO funding_rounds (id, company_name, company_slug, company_url, amount, stage, lead_investor, date, source_url, source_name) VALUES ('f-ceb301c66b', 'Claude', 'anthropic-claude', 'https://claude.ai', '$450M', 'Series C', 'Spark Capital', '2023-05-23', 'https://techcrunch.com/2023/05/23/anthropic-raises-350m-to-build-next-gen-ai-assistants/', 'TechCrunch');
INSERT OR REPLACE INTO sites (id, slug, domain, canonical_url, product_name, summary, editor_note, editor_rating, why_featured, product_type, funding_stage, funding_display, founded_year, team_size, hq_location, region, tags, investors, links_json, is_featured, screenshot_r2_key, screenshot_status, workflow_status, codex_stage, first_seen_at, published_at) VALUES ('s-cal-com', 'cal-com', 'cal.com', 'https://cal.com', 'Cal.com', 'Open source scheduling infrastructure.', 'The open-source Calendly. What makes Cal.com interesting is not that it is open source, but that they proved open-source scheduling can be a real business. The self-hosted option is a wedge. The hosted version is the product.', 4, 'Open source done right', 'SaaS', 'Series A', '$25M', 2021, '30-50', 'San Francisco', 'US', 'scheduling,open source,calendar,productivity', 'Dick Costolo, Joseph Jacks (OSS Capital), Peer Richelsen', '{"github": "https://github.com/calcom/cal.com", "twitter": "https://x.com/calabordar", "linkedin": "https://linkedin.com/company/cal-com"}', 0, 'cal-com.webp', 'ready', 'published', 'manual', datetime('now'), datetime('now'));
INSERT OR REPLACE INTO funding_rounds (id, company_name, company_slug, company_url, amount, stage, lead_investor, date, source_url, source_name) VALUES ('f-eb3f7fa412', 'Cal.com', 'cal-com', 'https://cal.com', '$25M', 'Series A', 'Seven Seven Six', '2022-04-18', 'https://cal.com/blog', 'Cal.com');
INSERT OR REPLACE INTO sites (id, slug, domain, canonical_url, product_name, summary, editor_note, editor_rating, why_featured, product_type, funding_stage, funding_display, founded_year, team_size, hq_location, region, tags, investors, links_json, is_featured, screenshot_r2_key, screenshot_status, workflow_status, codex_stage, first_seen_at, published_at) VALUES ('s-cursor', 'cursor', 'cursor.com', 'https://cursor.com', 'Cursor', 'The AI-first code editor.', 'Cursor bet that the future of coding is not copilot-inside-VSCode but a ground-up rethinking of the editor. They were right. Tab completion that reads your mind, inline diffs that make sense, and a cmd-K that actually works. The VSCode fork approach was the right call: familiar enough to switch, different enough to stay.', 5, 'Changed how developers write code', 'AI / ML', 'Series A', '$60M', 2022, '50-100', 'San Francisco', 'US', 'ai,code editor,developer tools,productivity', 'Andreessen Horowitz, Thrive Capital, OpenAI Startup Fund', '{"github": "https://github.com/getcursor", "twitter": "https://x.com/cursor_ai", "linkedin": "https://linkedin.com/company/cursor-ai"}', 1, 'cursor.webp', 'ready', 'published', 'manual', datetime('now'), datetime('now'));
INSERT OR REPLACE INTO funding_rounds (id, company_name, company_slug, company_url, amount, stage, lead_investor, date, source_url, source_name) VALUES ('f-06995bf702', 'Cursor', 'cursor', 'https://cursor.com', '$60M', 'Series A', 'Andreessen Horowitz', '2024-08-09', 'https://techcrunch.com/2024/08/09/anysphere-a-github-copilot-rival-has-raised-60m-series-a-at-400m-valuation-from-a16z-thrive-sources-say/', 'TechCrunch');
INSERT OR REPLACE INTO sites (id, slug, domain, canonical_url, product_name, summary, editor_note, editor_rating, why_featured, product_type, funding_stage, funding_display, founded_year, team_size, hq_location, region, tags, investors, links_json, is_featured, screenshot_r2_key, screenshot_status, workflow_status, codex_stage, first_seen_at, published_at) VALUES ('s-eleven-labs', 'eleven-labs', 'elevenlabs.io', 'https://elevenlabs.io', 'ElevenLabs', 'AI voice generation and speech synthesis platform.', 'ElevenLabs makes voice cloning feel like magic. Upload 30 seconds of audio, get a voice that sounds real. The ethical implications are enormous and they know it. What is interesting is the business: audiobooks, dubbing, accessibility tools. Not a toy. A platform.', 4, 'Voice AI that actually sounds human', 'AI / ML', 'Series B', '$80M', 2022, '50-100', 'New York', 'US', 'voice ai,speech synthesis,text to speech,artificial intelligence', 'Andreessen Horowitz, Nat Friedman, Daniel Gross', '{"github": "https://github.com/elevenlabs", "twitter": "https://x.com/elevenlabsio", "linkedin": "https://linkedin.com/company/elevenlabs"}', 0, 'eleven-labs.webp', 'ready', 'published', 'manual', datetime('now'), datetime('now'));
INSERT OR REPLACE INTO funding_rounds (id, company_name, company_slug, company_url, amount, stage, lead_investor, date, source_url, source_name) VALUES ('f-1fbc6bd21d', 'ElevenLabs', 'eleven-labs', 'https://elevenlabs.io', '$80M', 'Series B', 'Andreessen Horowitz', '2024-01-22', 'https://techcrunch.com/2024/01/22/voice-cloning-startup-elevenlabs-lands-80m-achieves-unicorn-status/', 'TechCrunch');
INSERT OR REPLACE INTO sites (id, slug, domain, canonical_url, product_name, summary, editor_note, editor_rating, why_featured, product_type, funding_stage, funding_display, founded_year, team_size, hq_location, region, tags, investors, links_json, is_featured, screenshot_r2_key, screenshot_status, workflow_status, codex_stage, first_seen_at, published_at) VALUES ('s-linear', 'linear', 'linear.app', 'https://linear.app', 'Linear', 'Issue tracking built for modern software teams.', 'Linear is what happens when someone with taste builds project management. Every interaction feels considered. The keyboard shortcuts alone are worth the switch. In a market drowning in feature-bloated tools, Linear chose speed and focus. That bet paid off.', 5, 'Defined a new standard for dev tools', 'DevTools', 'Series C', '$82M', 2019, '50-100', 'San Francisco', 'US', 'project management,issue tracking,developer tools,productivity', 'Sequoia Capital, 01 Advisors, SV Angel', '{"github": "https://github.com/linear", "twitter": "https://x.com/linear", "linkedin": "https://linkedin.com/company/linear"}', 1, 'linear.webp', 'ready', 'published', 'manual', datetime('now'), datetime('now'));
INSERT OR REPLACE INTO funding_rounds (id, company_name, company_slug, company_url, amount, stage, lead_investor, date, source_url, source_name) VALUES ('f-9d8fa6d44a', 'Linear', 'linear', 'https://linear.app', '$82M', 'Series C', 'Accel', '2025-06-10', 'https://techcrunch.com/2025/06/10/atlassian-rival-linear-raises-82m-at-1-25b-valuation/', 'TechCrunch');
INSERT OR REPLACE INTO sites (id, slug, domain, canonical_url, product_name, summary, editor_note, editor_rating, why_featured, product_type, funding_stage, funding_display, founded_year, team_size, hq_location, region, tags, investors, links_json, is_featured, screenshot_r2_key, screenshot_status, workflow_status, codex_stage, first_seen_at, published_at) VALUES ('s-perplexity', 'perplexity', 'perplexity.ai', 'https://perplexity.ai', 'Perplexity', 'AI-powered answer engine that searches the web.', 'Perplexity did what Google should have done five years ago: just answer the question. The product is deceptively simple. You ask, it answers with sources. No ten blue links, no ads above the fold. Whether this replaces Google search or becomes a power-user tool is the billion dollar question.', 5, 'The Google killer that might actually be', 'AI / ML', 'Series B', '$73.6M', 2022, '100-200', 'San Francisco', 'US', 'ai search,answer engine,web search,artificial intelligence', 'IVP, NEA, Databricks Ventures, Jeff Bezos', '{"twitter": "https://x.com/perabordar", "linkedin": "https://linkedin.com/company/perplexity-ai"}', 1, 'perplexity.webp', 'ready', 'published', 'manual', datetime('now'), datetime('now'));
INSERT OR REPLACE INTO funding_rounds (id, company_name, company_slug, company_url, amount, stage, lead_investor, date, source_url, source_name) VALUES ('f-32b6004c29', 'Perplexity', 'perplexity', 'https://perplexity.ai', '$73.6M', 'Series B', 'IVP', '2024-01-04', 'https://techcrunch.com/2024/01/04/ai-powered-search-engine-perplexity-ai-now-valued-at-520m-raises-70m/', 'TechCrunch');
INSERT OR REPLACE INTO sites (id, slug, domain, canonical_url, product_name, summary, editor_note, editor_rating, why_featured, product_type, funding_stage, funding_display, founded_year, team_size, hq_location, region, tags, investors, links_json, is_featured, screenshot_r2_key, screenshot_status, workflow_status, codex_stage, first_seen_at, published_at) VALUES ('s-resend', 'resend', 'resend.com', 'https://resend.com', 'Resend', 'Email API for developers. Beautiful, simple, reliable.', 'Resend took the most annoying part of building a product (transactional email) and made it pleasant. The DX is absurdly good. React Email as a companion project shows they understand that email is a design problem, not just an infrastructure one.', 4, 'DX that makes you jealous', 'DevTools', 'Seed', '$3M', 2022, '10-30', 'San Francisco', 'US', 'email,api,developer tools,transactional email', 'Y Combinator, SV Angel, Dylan Field', '{"github": "https://github.com/resend", "twitter": "https://x.com/resabordar", "linkedin": "https://linkedin.com/company/resend"}', 1, 'resend.webp', 'ready', 'published', 'manual', datetime('now'), datetime('now'));
INSERT OR REPLACE INTO funding_rounds (id, company_name, company_slug, company_url, amount, stage, lead_investor, date, source_url, source_name) VALUES ('f-fd562d5ed7', 'Resend', 'resend', 'https://resend.com', '$3M', 'Seed', 'Y Combinator', '2023-07-18', 'https://techcrunch.com/2023/07/18/developer-focused-email-platform-resend-raises-3m/', 'TechCrunch');
INSERT OR REPLACE INTO sites (id, slug, domain, canonical_url, product_name, summary, editor_note, editor_rating, why_featured, product_type, funding_stage, funding_display, founded_year, team_size, hq_location, region, tags, investors, links_json, is_featured, screenshot_r2_key, screenshot_status, workflow_status, codex_stage, first_seen_at, published_at) VALUES ('s-supabase', 'supabase', 'supabase.com', 'https://supabase.com', 'Supabase', 'The open source Firebase alternative.', 'Supabase proved that Postgres is the answer to most backend questions. Auth, storage, realtime, edge functions... all built on Postgres. The developer experience is what makes it special: instant APIs, a dashboard that does not suck, and documentation that reads like a tutorial.', 4, 'Postgres as a platform', 'DevTools', 'Series B', '$80M', 2020, '100-200', 'Singapore', 'Global / Remote', 'database,open source,backend,postgres,firebase alternative', 'Felicis Ventures, Coatue Management, Y Combinator', '{"github": "https://github.com/supabase", "twitter": "https://x.com/supabase", "linkedin": "https://linkedin.com/company/supabase"}', 0, 'supabase.webp', 'ready', 'published', 'manual', datetime('now'), datetime('now'));
INSERT OR REPLACE INTO funding_rounds (id, company_name, company_slug, company_url, amount, stage, lead_investor, date, source_url, source_name) VALUES ('f-3e03682662', 'Supabase', 'supabase', 'https://supabase.com', '$80M', 'Series B', 'Felicis Ventures', '2022-05-10', 'https://techcrunch.com/2022/05/10/supabase-raises-80m-series-b-for-its-open-source-firebase-alternative/', 'TechCrunch');
INSERT OR REPLACE INTO sites (id, slug, domain, canonical_url, product_name, summary, editor_note, editor_rating, why_featured, product_type, funding_stage, funding_display, founded_year, team_size, hq_location, region, tags, investors, links_json, is_featured, screenshot_r2_key, screenshot_status, workflow_status, codex_stage, first_seen_at, published_at) VALUES ('s-val-town', 'val-town', 'val.town', 'https://val.town', 'Val Town', 'Social website and API for writing and running code.', 'Val Town is the most interesting thing happening in developer tools right now. A social network where the content is running code. Every val is a URL. Every function is deployable. It feels like what GitHub Gists should have become.', 4, 'Code as social media', 'DevTools', 'Seed', '$5.5M', 2022, '5-10', 'Brooklyn', 'US', 'social coding,serverless,developer tools,code sharing', 'Sequoia Capital Scout, Craft Ventures, Tom Preston-Werner', '{"github": "https://github.com/val-town", "twitter": "https://x.com/valabordar", "linkedin": "https://linkedin.com/company/val-town"}', 0, 'val-town.webp', 'ready', 'published', 'manual', datetime('now'), datetime('now'));
INSERT OR REPLACE INTO funding_rounds (id, company_name, company_slug, company_url, amount, stage, lead_investor, date, source_url, source_name) VALUES ('f-dadb2182b0', 'Val Town', 'val-town', 'https://val.town', '$5.5M', 'Seed', 'Accel', '2024-04-01', 'https://blog.val.town/blog/seed/', 'Val Town Blog');
INSERT OR REPLACE INTO sites (id, slug, domain, canonical_url, product_name, summary, editor_note, editor_rating, why_featured, product_type, funding_stage, funding_display, founded_year, team_size, hq_location, region, tags, investors, links_json, is_featured, screenshot_r2_key, screenshot_status, workflow_status, codex_stage, first_seen_at, published_at) VALUES ('s-vercel', 'vercel', 'vercel.com', 'https://vercel.com', 'Vercel', 'Frontend cloud platform for deploying web applications.', 'Vercel made deployment a non-event. Push code, get a URL. That simplicity is their moat. The Next.js connection gives them an unfair advantage: they build the framework AND the best place to deploy it. Love it or question the vendor lock-in, the DX is undeniably best-in-class.', 4, 'Made deployment boring (compliment)', 'DevTools', 'Series E', '$250M', 2015, '300+', 'San Francisco', 'US', 'deployment,frontend,cloud platform,next.js,developer tools', 'Accel, GV (Google Ventures), Bedrock Capital, Greenoaks', '{"github": "https://github.com/vercel", "twitter": "https://x.com/vercel", "linkedin": "https://linkedin.com/company/vercel"}', 0, 'vercel.webp', 'ready', 'published', 'manual', datetime('now'), datetime('now'));
INSERT OR REPLACE INTO funding_rounds (id, company_name, company_slug, company_url, amount, stage, lead_investor, date, source_url, source_name) VALUES ('f-e8fc66eb86', 'Vercel', 'vercel', 'https://vercel.com', '$250M', 'Series E', 'Accel', '2024-05-16', 'https://vercel.com/blog/vercel-funding-series-d-and-valuation', 'Vercel Blog');

-- Investors
INSERT OR REPLACE INTO investors (id, slug, name, short_name, website, description) VALUES ('inv-a16z', 'a16z', 'Andreessen Horowitz', 'a16z', 'https://a16z.com', 'Venture capital firm founded by Marc Andreessen and Ben Horowitz. Backs bold founders building category-defining technology companies.');
INSERT OR REPLACE INTO investors (id, slug, name, short_name, website, description) VALUES ('inv-sequoia', 'sequoia', 'Sequoia Capital', 'Sequoia', 'https://www.sequoiacap.com', 'Helps daring founders build legendary companies from idea to IPO and beyond.');
INSERT OR REPLACE INTO investors (id, slug, name, short_name, website, description) VALUES ('inv-yc', 'yc', 'Y Combinator', 'YC', 'https://www.ycombinator.com', 'Seed-stage accelerator. Twice a year, invests in a large number of startups.');
INSERT OR REPLACE INTO investors (id, slug, name, short_name, website, description) VALUES ('inv-accel', 'accel', 'Accel', 'Accel', 'https://www.accel.com', 'Global venture capital firm that partners with exceptional founders from seed through growth.');
INSERT OR REPLACE INTO investors (id, slug, name, short_name, website, description) VALUES ('inv-ivp', 'ivp', 'IVP', 'IVP', 'https://www.ivp.com', 'Late-stage venture capital and growth equity firm.');
INSERT OR REPLACE INTO investors (id, slug, name, short_name, website, description) VALUES ('inv-spark', 'spark', 'Spark Capital', 'Spark', 'https://www.sparkcapital.com', 'Early and growth-stage venture fund based in San Francisco and Boston.');
INSERT OR REPLACE INTO investors (id, slug, name, short_name, website, description) VALUES ('inv-felicis', 'felicis', 'Felicis Ventures', 'Felicis', 'https://www.felicis.com', 'Venture capital firm investing in iconic companies reinventing core markets.');
INSERT OR REPLACE INTO investors (id, slug, name, short_name, website, description) VALUES ('inv-lightspeed', 'lightspeed', 'Lightspeed Venture Partners', 'Lightspeed', 'https://lsvp.com', 'Global venture capital firm focused on enterprise, consumer, and health technology.');
INSERT OR REPLACE INTO investors (id, slug, name, short_name, website, description) VALUES ('inv-general-catalyst', 'general-catalyst', 'General Catalyst', 'GC', 'https://www.generalcatalyst.com', 'Venture capital firm that invests in powerful, positive change.');
INSERT OR REPLACE INTO investors (id, slug, name, short_name, website, description) VALUES ('inv-776', '776', 'Seven Seven Six', '776', 'https://sevensevensix.com', 'Venture capital firm founded by Alexis Ohanian. Backs founders reimagining communities, commerce, and culture.');
INSERT OR REPLACE INTO investors (id, slug, name, short_name, website, description) VALUES ('inv-thrive', 'thrive', 'Thrive Capital', 'Thrive', 'https://www.thrivecap.com', 'Investment firm built to support the best technology companies at every stage.');

-- Search index
INSERT OR IGNORE INTO search_index_terms (site_id, normalized_term, term_type, weight) VALUES ('s-anthropic-claude', 'claude', 'name', 100);
INSERT OR IGNORE INTO search_index_terms (site_id, normalized_term, term_type, weight) VALUES ('s-anthropic-claude', 'claude.ai', 'domain', 80);
INSERT OR IGNORE INTO search_index_terms (site_id, normalized_term, term_type, weight) VALUES ('s-anthropic-claude', 'ai / ml', 'type', 30);
INSERT OR IGNORE INTO search_index_terms (site_id, normalized_term, term_type, weight) VALUES ('s-anthropic-claude', 'ai assistant', 'tag', 50);
INSERT OR IGNORE INTO search_index_terms (site_id, normalized_term, term_type, weight) VALUES ('s-anthropic-claude', 'large language model', 'tag', 50);
INSERT OR IGNORE INTO search_index_terms (site_id, normalized_term, term_type, weight) VALUES ('s-anthropic-claude', 'safety', 'tag', 50);
INSERT OR IGNORE INTO search_index_terms (site_id, normalized_term, term_type, weight) VALUES ('s-anthropic-claude', 'developer tools', 'tag', 50);
INSERT OR IGNORE INTO search_index_terms (site_id, normalized_term, term_type, weight) VALUES ('s-cal-com', 'cal.com', 'name', 100);
INSERT OR IGNORE INTO search_index_terms (site_id, normalized_term, term_type, weight) VALUES ('s-cal-com', 'cal.com', 'domain', 80);
INSERT OR IGNORE INTO search_index_terms (site_id, normalized_term, term_type, weight) VALUES ('s-cal-com', 'saas', 'type', 30);
INSERT OR IGNORE INTO search_index_terms (site_id, normalized_term, term_type, weight) VALUES ('s-cal-com', 'scheduling', 'tag', 50);
INSERT OR IGNORE INTO search_index_terms (site_id, normalized_term, term_type, weight) VALUES ('s-cal-com', 'open source', 'tag', 50);
INSERT OR IGNORE INTO search_index_terms (site_id, normalized_term, term_type, weight) VALUES ('s-cal-com', 'calendar', 'tag', 50);
INSERT OR IGNORE INTO search_index_terms (site_id, normalized_term, term_type, weight) VALUES ('s-cal-com', 'productivity', 'tag', 50);
INSERT OR IGNORE INTO search_index_terms (site_id, normalized_term, term_type, weight) VALUES ('s-cursor', 'cursor', 'name', 100);
INSERT OR IGNORE INTO search_index_terms (site_id, normalized_term, term_type, weight) VALUES ('s-cursor', 'cursor.com', 'domain', 80);
INSERT OR IGNORE INTO search_index_terms (site_id, normalized_term, term_type, weight) VALUES ('s-cursor', 'ai / ml', 'type', 30);
INSERT OR IGNORE INTO search_index_terms (site_id, normalized_term, term_type, weight) VALUES ('s-cursor', 'ai', 'tag', 50);
INSERT OR IGNORE INTO search_index_terms (site_id, normalized_term, term_type, weight) VALUES ('s-cursor', 'code editor', 'tag', 50);
INSERT OR IGNORE INTO search_index_terms (site_id, normalized_term, term_type, weight) VALUES ('s-cursor', 'developer tools', 'tag', 50);
INSERT OR IGNORE INTO search_index_terms (site_id, normalized_term, term_type, weight) VALUES ('s-cursor', 'productivity', 'tag', 50);
INSERT OR IGNORE INTO search_index_terms (site_id, normalized_term, term_type, weight) VALUES ('s-eleven-labs', 'elevenlabs', 'name', 100);
INSERT OR IGNORE INTO search_index_terms (site_id, normalized_term, term_type, weight) VALUES ('s-eleven-labs', 'elevenlabs.io', 'domain', 80);
INSERT OR IGNORE INTO search_index_terms (site_id, normalized_term, term_type, weight) VALUES ('s-eleven-labs', 'ai / ml', 'type', 30);
INSERT OR IGNORE INTO search_index_terms (site_id, normalized_term, term_type, weight) VALUES ('s-eleven-labs', 'voice ai', 'tag', 50);
INSERT OR IGNORE INTO search_index_terms (site_id, normalized_term, term_type, weight) VALUES ('s-eleven-labs', 'speech synthesis', 'tag', 50);
INSERT OR IGNORE INTO search_index_terms (site_id, normalized_term, term_type, weight) VALUES ('s-eleven-labs', 'text to speech', 'tag', 50);
INSERT OR IGNORE INTO search_index_terms (site_id, normalized_term, term_type, weight) VALUES ('s-eleven-labs', 'artificial intelligence', 'tag', 50);
INSERT OR IGNORE INTO search_index_terms (site_id, normalized_term, term_type, weight) VALUES ('s-linear', 'linear', 'name', 100);
INSERT OR IGNORE INTO search_index_terms (site_id, normalized_term, term_type, weight) VALUES ('s-linear', 'linear.app', 'domain', 80);
INSERT OR IGNORE INTO search_index_terms (site_id, normalized_term, term_type, weight) VALUES ('s-linear', 'devtools', 'type', 30);
INSERT OR IGNORE INTO search_index_terms (site_id, normalized_term, term_type, weight) VALUES ('s-linear', 'project management', 'tag', 50);
INSERT OR IGNORE INTO search_index_terms (site_id, normalized_term, term_type, weight) VALUES ('s-linear', 'issue tracking', 'tag', 50);
INSERT OR IGNORE INTO search_index_terms (site_id, normalized_term, term_type, weight) VALUES ('s-linear', 'developer tools', 'tag', 50);
INSERT OR IGNORE INTO search_index_terms (site_id, normalized_term, term_type, weight) VALUES ('s-linear', 'productivity', 'tag', 50);
INSERT OR IGNORE INTO search_index_terms (site_id, normalized_term, term_type, weight) VALUES ('s-perplexity', 'perplexity', 'name', 100);
INSERT OR IGNORE INTO search_index_terms (site_id, normalized_term, term_type, weight) VALUES ('s-perplexity', 'perplexity.ai', 'domain', 80);
INSERT OR IGNORE INTO search_index_terms (site_id, normalized_term, term_type, weight) VALUES ('s-perplexity', 'ai / ml', 'type', 30);
INSERT OR IGNORE INTO search_index_terms (site_id, normalized_term, term_type, weight) VALUES ('s-perplexity', 'ai search', 'tag', 50);
INSERT OR IGNORE INTO search_index_terms (site_id, normalized_term, term_type, weight) VALUES ('s-perplexity', 'answer engine', 'tag', 50);
INSERT OR IGNORE INTO search_index_terms (site_id, normalized_term, term_type, weight) VALUES ('s-perplexity', 'web search', 'tag', 50);
INSERT OR IGNORE INTO search_index_terms (site_id, normalized_term, term_type, weight) VALUES ('s-perplexity', 'artificial intelligence', 'tag', 50);
INSERT OR IGNORE INTO search_index_terms (site_id, normalized_term, term_type, weight) VALUES ('s-resend', 'resend', 'name', 100);
INSERT OR IGNORE INTO search_index_terms (site_id, normalized_term, term_type, weight) VALUES ('s-resend', 'resend.com', 'domain', 80);
INSERT OR IGNORE INTO search_index_terms (site_id, normalized_term, term_type, weight) VALUES ('s-resend', 'devtools', 'type', 30);
INSERT OR IGNORE INTO search_index_terms (site_id, normalized_term, term_type, weight) VALUES ('s-resend', 'email', 'tag', 50);
INSERT OR IGNORE INTO search_index_terms (site_id, normalized_term, term_type, weight) VALUES ('s-resend', 'api', 'tag', 50);
INSERT OR IGNORE INTO search_index_terms (site_id, normalized_term, term_type, weight) VALUES ('s-resend', 'developer tools', 'tag', 50);
INSERT OR IGNORE INTO search_index_terms (site_id, normalized_term, term_type, weight) VALUES ('s-resend', 'transactional email', 'tag', 50);
INSERT OR IGNORE INTO search_index_terms (site_id, normalized_term, term_type, weight) VALUES ('s-supabase', 'supabase', 'name', 100);
INSERT OR IGNORE INTO search_index_terms (site_id, normalized_term, term_type, weight) VALUES ('s-supabase', 'supabase.com', 'domain', 80);
INSERT OR IGNORE INTO search_index_terms (site_id, normalized_term, term_type, weight) VALUES ('s-supabase', 'devtools', 'type', 30);
INSERT OR IGNORE INTO search_index_terms (site_id, normalized_term, term_type, weight) VALUES ('s-supabase', 'database', 'tag', 50);
INSERT OR IGNORE INTO search_index_terms (site_id, normalized_term, term_type, weight) VALUES ('s-supabase', 'open source', 'tag', 50);
INSERT OR IGNORE INTO search_index_terms (site_id, normalized_term, term_type, weight) VALUES ('s-supabase', 'backend', 'tag', 50);
INSERT OR IGNORE INTO search_index_terms (site_id, normalized_term, term_type, weight) VALUES ('s-supabase', 'postgres', 'tag', 50);
INSERT OR IGNORE INTO search_index_terms (site_id, normalized_term, term_type, weight) VALUES ('s-supabase', 'firebase alternative', 'tag', 50);
INSERT OR IGNORE INTO search_index_terms (site_id, normalized_term, term_type, weight) VALUES ('s-val-town', 'val town', 'name', 100);
INSERT OR IGNORE INTO search_index_terms (site_id, normalized_term, term_type, weight) VALUES ('s-val-town', 'val.town', 'domain', 80);
INSERT OR IGNORE INTO search_index_terms (site_id, normalized_term, term_type, weight) VALUES ('s-val-town', 'devtools', 'type', 30);
INSERT OR IGNORE INTO search_index_terms (site_id, normalized_term, term_type, weight) VALUES ('s-val-town', 'social coding', 'tag', 50);
INSERT OR IGNORE INTO search_index_terms (site_id, normalized_term, term_type, weight) VALUES ('s-val-town', 'serverless', 'tag', 50);
INSERT OR IGNORE INTO search_index_terms (site_id, normalized_term, term_type, weight) VALUES ('s-val-town', 'developer tools', 'tag', 50);
INSERT OR IGNORE INTO search_index_terms (site_id, normalized_term, term_type, weight) VALUES ('s-val-town', 'code sharing', 'tag', 50);
INSERT OR IGNORE INTO search_index_terms (site_id, normalized_term, term_type, weight) VALUES ('s-vercel', 'vercel', 'name', 100);
INSERT OR IGNORE INTO search_index_terms (site_id, normalized_term, term_type, weight) VALUES ('s-vercel', 'vercel.com', 'domain', 80);
INSERT OR IGNORE INTO search_index_terms (site_id, normalized_term, term_type, weight) VALUES ('s-vercel', 'devtools', 'type', 30);
INSERT OR IGNORE INTO search_index_terms (site_id, normalized_term, term_type, weight) VALUES ('s-vercel', 'deployment', 'tag', 50);
INSERT OR IGNORE INTO search_index_terms (site_id, normalized_term, term_type, weight) VALUES ('s-vercel', 'frontend', 'tag', 50);
INSERT OR IGNORE INTO search_index_terms (site_id, normalized_term, term_type, weight) VALUES ('s-vercel', 'cloud platform', 'tag', 50);
INSERT OR IGNORE INTO search_index_terms (site_id, normalized_term, term_type, weight) VALUES ('s-vercel', 'next.js', 'tag', 50);
INSERT OR IGNORE INTO search_index_terms (site_id, normalized_term, term_type, weight) VALUES ('s-vercel', 'developer tools', 'tag', 50);

-- Collections
INSERT OR IGNORE INTO collections (id, slug, title, description, type, published) VALUES
('c-001', 'ai', 'AI / ML', 'Startups pushing the boundaries of artificial intelligence.', 'editorial', 1),
('c-002', 'devtools', 'Developer Tools', 'Tools that make developers more productive.', 'editorial', 1),
('c-003', 'editors-picks', 'Editor''s Picks', 'The ones we think about most.', 'editorial', 1);

DELETE FROM collection_sites;
INSERT OR IGNORE INTO collection_sites (collection_id, site_id, rank, pinned) VALUES ('c-001', 's-anthropic-claude', 1, 1);
INSERT OR IGNORE INTO collection_sites (collection_id, site_id, rank, pinned) VALUES ('c-003', 's-anthropic-claude', 1, 1);
INSERT OR IGNORE INTO collection_sites (collection_id, site_id, rank, pinned) VALUES ('c-002', 's-cal-com', 1, 0);
INSERT OR IGNORE INTO collection_sites (collection_id, site_id, rank, pinned) VALUES ('c-001', 's-cursor', 1, 1);
INSERT OR IGNORE INTO collection_sites (collection_id, site_id, rank, pinned) VALUES ('c-003', 's-cursor', 1, 1);
INSERT OR IGNORE INTO collection_sites (collection_id, site_id, rank, pinned) VALUES ('c-001', 's-eleven-labs', 1, 0);
INSERT OR IGNORE INTO collection_sites (collection_id, site_id, rank, pinned) VALUES ('c-002', 's-linear', 1, 0);
INSERT OR IGNORE INTO collection_sites (collection_id, site_id, rank, pinned) VALUES ('c-003', 's-linear', 1, 1);
INSERT OR IGNORE INTO collection_sites (collection_id, site_id, rank, pinned) VALUES ('c-001', 's-perplexity', 1, 1);
INSERT OR IGNORE INTO collection_sites (collection_id, site_id, rank, pinned) VALUES ('c-003', 's-perplexity', 1, 1);
INSERT OR IGNORE INTO collection_sites (collection_id, site_id, rank, pinned) VALUES ('c-002', 's-resend', 1, 0);
INSERT OR IGNORE INTO collection_sites (collection_id, site_id, rank, pinned) VALUES ('c-003', 's-resend', 1, 1);
INSERT OR IGNORE INTO collection_sites (collection_id, site_id, rank, pinned) VALUES ('c-002', 's-supabase', 1, 0);
INSERT OR IGNORE INTO collection_sites (collection_id, site_id, rank, pinned) VALUES ('c-002', 's-val-town', 1, 0);
INSERT OR IGNORE INTO collection_sites (collection_id, site_id, rank, pinned) VALUES ('c-002', 's-vercel', 1, 0);

-- Weekly issues
INSERT OR REPLACE INTO weekly_issues (id, issue_number, title, editorial_intro, published_at, status) VALUES ('w-1', 1, 'The tools that changed how we build', 'For our first issue, we picked the tools that fundamentally changed developer workflows in the last three years. Not incremental improvements. Not features wrapped in startups. Products that made you think differently about how software gets built.', datetime('now'), 'published');
INSERT OR IGNORE INTO weekly_issue_sites (issue_id, site_id, display_order) VALUES ('w-1', 's-cursor', 1);
INSERT OR IGNORE INTO weekly_issue_sites (issue_id, site_id, display_order) VALUES ('w-1', 's-linear', 2);
INSERT OR IGNORE INTO weekly_issue_sites (issue_id, site_id, display_order) VALUES ('w-1', 's-perplexity', 3);
INSERT OR IGNORE INTO weekly_issue_sites (issue_id, site_id, display_order) VALUES ('w-1', 's-anthropic-claude', 4);
INSERT OR IGNORE INTO weekly_issue_sites (issue_id, site_id, display_order) VALUES ('w-1', 's-resend', 5);
