-- VentureDex seed data: first batch of curated startups
-- Each has an editor_note (the core differentiator)

INSERT OR IGNORE INTO sites (id, slug, domain, canonical_url, product_name, summary, editor_note, editor_rating, why_featured, curator, product_type, funding_stage, funding_display, founded_year, team_size, hq_location, region, workflow_status, codex_stage, published_at, is_featured) VALUES

('s-001', 'linear', 'linear.app', 'https://linear.app',
 'Linear',
 'Issue tracking built for modern software teams.',
 'Linear is what happens when someone with taste builds project management. Every interaction feels considered. The keyboard shortcuts alone are worth the switch. In a market drowning in feature-bloated tools, Linear chose speed and focus. That bet paid off.',
 5, 'Defined a new standard for dev tools', 'dai',
 'DevTools', 'Series B', '$35M', 2019, '50-100', 'San Francisco', 'US',
 'published', 'manual', datetime('now'), 1),

('s-002', 'resend', 'resend.com', 'https://resend.com',
 'Resend',
 'Email API for developers. Beautiful, simple, reliable.',
 'Resend took the most annoying part of building a product (transactional email) and made it pleasant. The DX is absurdly good. React Email as a companion project shows they understand that email is a design problem, not just an infrastructure one.',
 4, 'DX that makes you jealous', 'dai',
 'DevTools', 'Series A', '$3.5M', 2022, '10-30', 'San Francisco', 'US',
 'published', 'manual', datetime('now'), 1),

('s-003', 'cal-com', 'cal.com', 'https://cal.com',
 'Cal.com',
 'Open source scheduling infrastructure.',
 'The open-source Calendly. What makes Cal.com interesting is not that it is open source, but that they proved open-source scheduling can be a real business. The self-hosted option is a wedge. The hosted version is the product.',
 4, 'Open source done right', 'dai',
 'SaaS', 'Series A', '$25M', 2021, '30-50', 'San Francisco', 'US',
 'published', 'manual', datetime('now'), 0),

('s-004', 'perplexity', 'perplexity.ai', 'https://perplexity.ai',
 'Perplexity',
 'AI-powered answer engine that searches the web.',
 'Perplexity did what Google should have done five years ago: just answer the question. The product is deceptively simple. You ask, it answers with sources. No ten blue links, no ads above the fold. Whether this replaces Google search or becomes a power-user tool is the billion dollar question.',
 5, 'The Google killer that might actually be', 'dai',
 'AI / ML', 'Series B', '$73.6M', 2022, '100-200', 'San Francisco', 'US',
 'published', 'manual', datetime('now'), 1),

('s-005', 'cursor', 'cursor.com', 'https://cursor.com',
 'Cursor',
 'The AI-first code editor.',
 'Cursor bet that the future of coding is not copilot-inside-VSCode but a ground-up rethinking of the editor. They were right. Tab completion that reads your mind, inline diffs that make sense, and a cmd-K that actually works. The VSCode fork approach was the right call: familiar enough to switch, different enough to stay.',
 5, 'Changed how developers write code', 'dai',
 'AI / ML', 'Series B', '$400M', 2022, '50-100', 'San Francisco', 'US',
 'published', 'manual', datetime('now'), 1),

('s-006', 'val-town', 'val.town', 'https://val.town',
 'Val Town',
 'Social website and API for writing and running code.',
 'Val Town is the most interesting thing happening in developer tools right now. A social network where the content is running code. Every val is a URL. Every function is deployable. It feels like what GitHub Gists should have become.',
 4, 'Code as social media', 'dai',
 'DevTools', 'Seed', '$5.5M', 2022, '5-10', 'Brooklyn', 'US',
 'published', 'manual', datetime('now'), 0),

('s-007', 'anthropic-claude', 'claude.ai', 'https://claude.ai',
 'Claude',
 'AI assistant by Anthropic, focused on safety and helpfulness.',
 'Claude is the AI assistant that developers actually trust with their code. Where others optimize for impressive demos, Anthropic optimized for reliability and honesty. Claude Code (the CLI) turned it from a chatbot into a genuine engineering tool. The safety-first approach is not a handicap, it is the product.',
 5, 'The AI you actually trust', 'dai',
 'AI / ML', 'Series C+', '$2B+', 2021, '500+', 'San Francisco', 'US',
 'published', 'manual', datetime('now'), 1),

('s-008', 'supabase', 'supabase.com', 'https://supabase.com',
 'Supabase',
 'The open source Firebase alternative.',
 'Supabase proved that Postgres is the answer to most backend questions. Auth, storage, realtime, edge functions... all built on Postgres. The developer experience is what makes it special: instant APIs, a dashboard that does not suck, and documentation that reads like a tutorial.',
 4, 'Postgres as a platform', 'dai',
 'DevTools', 'Series C+', '$116M', 2020, '100-200', 'Singapore', 'Global / Remote',
 'published', 'manual', datetime('now'), 0),

('s-009', 'vercel', 'vercel.com', 'https://vercel.com',
 'Vercel',
 'Frontend cloud platform for deploying web applications.',
 'Vercel made deployment a non-event. Push code, get a URL. That simplicity is their moat. The Next.js connection gives them an unfair advantage: they build the framework AND the best place to deploy it. Love it or question the vendor lock-in, the DX is undeniably best-in-class.',
 4, 'Made deployment boring (compliment)', 'dai',
 'DevTools', 'Series C+', '$250M', 2015, '300+', 'San Francisco', 'US',
 'published', 'manual', datetime('now'), 0),

('s-010', 'eleven-labs', 'elevenlabs.io', 'https://elevenlabs.io',
 'ElevenLabs',
 'AI voice generation and speech synthesis platform.',
 'ElevenLabs makes voice cloning feel like magic. Upload 30 seconds of audio, get a voice that sounds real. The ethical implications are enormous and they know it. What is interesting is the business: audiobooks, dubbing, accessibility tools. Not a toy. A platform.',
 4, 'Voice AI that actually sounds human', 'dai',
 'AI / ML', 'Series B', '$80M', 2022, '50-100', 'New York', 'US',
 'published', 'manual', datetime('now'), 0);

-- Build search index for seeded sites
INSERT OR IGNORE INTO search_index_terms (site_id, normalized_term, term_type, weight) VALUES
('s-001', 'linear', 'name', 100),
('s-001', 'issue tracking', 'tag', 50),
('s-001', 'project management', 'tag', 50),
('s-001', 'devtools', 'type', 30),
('s-002', 'resend', 'name', 100),
('s-002', 'email', 'tag', 50),
('s-002', 'api', 'tag', 50),
('s-002', 'devtools', 'type', 30),
('s-003', 'cal.com', 'name', 100),
('s-003', 'cal', 'name', 80),
('s-003', 'scheduling', 'tag', 50),
('s-003', 'open source', 'tag', 50),
('s-004', 'perplexity', 'name', 100),
('s-004', 'search', 'tag', 50),
('s-004', 'ai', 'tag', 50),
('s-005', 'cursor', 'name', 100),
('s-005', 'code editor', 'tag', 50),
('s-005', 'ai', 'tag', 50),
('s-006', 'val town', 'name', 100),
('s-006', 'val', 'name', 80),
('s-006', 'code', 'tag', 50),
('s-006', 'social', 'tag', 50),
('s-007', 'claude', 'name', 100),
('s-007', 'anthropic', 'name', 80),
('s-007', 'ai assistant', 'tag', 50),
('s-008', 'supabase', 'name', 100),
('s-008', 'postgres', 'tag', 50),
('s-008', 'firebase', 'tag', 40),
('s-008', 'database', 'tag', 50),
('s-009', 'vercel', 'name', 100),
('s-009', 'deployment', 'tag', 50),
('s-009', 'frontend', 'tag', 50),
('s-010', 'elevenlabs', 'name', 100),
('s-010', 'eleven labs', 'name', 80),
('s-010', 'voice', 'tag', 50),
('s-010', 'ai', 'tag', 50);

-- Create initial collections
INSERT OR IGNORE INTO collections (id, slug, title, description, type, published) VALUES
('c-001', 'ai', 'AI / ML', 'Startups pushing the boundaries of artificial intelligence.', 'editorial', 1),
('c-002', 'devtools', 'Developer Tools', 'Tools that make developers more productive.', 'editorial', 1),
('c-003', 'editors-picks', 'Editor''s Picks', 'The ones we think about most.', 'editorial', 1);

-- Link sites to collections
INSERT OR IGNORE INTO collection_sites (collection_id, site_id, rank, pinned) VALUES
('c-001', 's-004', 1, 1),
('c-001', 's-005', 2, 1),
('c-001', 's-007', 3, 1),
('c-001', 's-010', 4, 0),
('c-002', 's-001', 1, 1),
('c-002', 's-002', 2, 0),
('c-002', 's-006', 3, 0),
('c-002', 's-008', 4, 0),
('c-002', 's-009', 5, 0),
('c-003', 's-001', 1, 1),
('c-003', 's-004', 2, 1),
('c-003', 's-005', 3, 1),
('c-003', 's-007', 4, 1);
